Index,audio
1,block1_trial1_attendright_leadmasker.wav
2,block1_trial2_attendright_leadmasker.wav
3,block1_trial3_attendright_leadtarget.wav
4,block1_trial4_attendright_leadmasker.wav
5,block1_trial5_attendright_leadmasker.wav
6,block1_trial6_attendleft_leadtarget.wav
7,block1_trial7_attendleft_leadtarget.wav
8,block1_trial8_attendleft_leadmasker.wav
9,block1_trial9_attendleft_leadmasker.wav
10,block1_trial10_attendright_leadtarget.wav
11,block1_trial11_attendright_leadmasker.wav
12,block1_trial12_attendleft_leadtarget.wav
13,block1_trial13_attendright_leadmasker.wav
14,block1_trial14_attendright_leadtarget.wav
15,block1_trial15_attendleft_leadmasker.wav
16,block1_trial16_attendleft_leadmasker.wav
17,block1_trial17_attendleft_leadtarget.wav
18,block1_trial18_attendleft_leadtarget.wav
19,block1_trial19_attendright_leadtarget.wav
20,block1_trial20_attendright_leadtarget.wav
21,block1_trial21_attendright_leadtarget.wav
22,block1_trial22_attendright_leadmasker.wav
23,block1_trial23_attendright_leadmasker.wav
24,block1_trial24_attendright_leadtarget.wav
25,block1_trial25_attendright_leadtarget.wav
26,block1_trial26_attendleft_leadmasker.wav
27,block1_trial27_attendleft_leadmasker.wav
28,block1_trial28_attendleft_leadtarget.wav
29,block1_trial29_attendright_leadmasker.wav
30,block1_trial30_attendright_leadtarget.wav
31,block1_trial31_attendleft_leadtarget.wav
32,block1_trial32_attendleft_leadtarget.wav
33,block1_trial33_attendleft_leadmasker.wav
34,block1_trial34_attendright_leadtarget.wav
35,block1_trial35_attendright_leadmasker.wav
36,block1_trial36_attendleft_leadmasker.wav
37,block1_trial37_attendleft_leadtarget.wav
38,block1_trial38_attendleft_leadmasker.wav
39,block1_trial39_attendleft_leadtarget.wav
40,block1_trial40_attendleft_leadmasker.wav
41,block2_trial1_attendleft_leadmasker.wav
42,block2_trial2_attendleft_leadtarget.wav
43,block2_trial3_attendright_leadtarget.wav
44,block2_trial4_attendright_leadtarget.wav
45,block2_trial5_attendright_leadtarget.wav
46,block2_trial6_attendright_leadmasker.wav
47,block2_trial7_attendright_leadtarget.wav
48,block2_trial8_attendright_leadmasker.wav
49,block2_trial9_attendright_leadtarget.wav
50,block2_trial10_attendleft_leadmasker.wav
51,block2_trial11_attendleft_leadmasker.wav
52,block2_trial12_attendleft_leadmasker.wav
53,block2_trial13_attendright_leadmasker.wav
54,block2_trial14_attendright_leadmasker.wav
55,block2_trial15_attendleft_leadmasker.wav
56,block2_trial16_attendleft_leadtarget.wav
57,block2_trial17_attendleft_leadmasker.wav
58,block2_trial18_attendleft_leadtarget.wav
59,block2_trial19_attendleft_leadmasker.wav
60,block2_trial20_attendright_leadmasker.wav
61,block2_trial21_attendright_leadtarget.wav
62,block2_trial22_attendleft_leadtarget.wav
63,block2_trial23_attendleft_leadtarget.wav
64,block2_trial24_attendleft_leadtarget.wav
65,block2_trial25_attendright_leadmasker.wav
66,block2_trial26_attendright_leadmasker.wav
67,block2_trial27_attendright_leadtarget.wav
68,block2_trial28_attendleft_leadmasker.wav
69,block2_trial29_attendright_leadtarget.wav
70,block2_trial30_attendleft_leadtarget.wav
71,block2_trial31_attendright_leadmasker.wav
72,block2_trial32_attendleft_leadtarget.wav
73,block2_trial33_attendright_leadtarget.wav
74,block2_trial34_attendright_leadtarget.wav
75,block2_trial35_attendright_leadmasker.wav
76,block2_trial36_attendleft_leadtarget.wav
77,block2_trial37_attendleft_leadmasker.wav
78,block2_trial38_attendleft_leadtarget.wav
79,block2_trial39_attendright_leadmasker.wav
80,block2_trial40_attendleft_leadmasker.wav
81,block3_trial1_attendright_leadmasker.wav
82,block3_trial2_attendright_leadmasker.wav
83,block3_trial3_attendright_leadmasker.wav
84,block3_trial4_attendright_leadmasker.wav
85,block3_trial5_attendright_leadmasker.wav
86,block3_trial6_attendright_leadtarget.wav
87,block3_trial7_attendleft_leadmasker.wav
88,block3_trial8_attendright_leadmasker.wav
89,block3_trial9_attendright_leadtarget.wav
90,block3_trial10_attendleft_leadtarget.wav
91,block3_trial11_attendright_leadtarget.wav
92,block3_trial12_attendleft_leadmasker.wav
93,block3_trial13_attendleft_leadtarget.wav
94,block3_trial14_attendleft_leadtarget.wav
95,block3_trial15_attendleft_leadtarget.wav
96,block3_trial16_attendright_leadtarget.wav
97,block3_trial17_attendleft_leadtarget.wav
98,block3_trial18_attendleft_leadmasker.wav
99,block3_trial19_attendright_leadmasker.wav
100,block3_trial20_attendright_leadmasker.wav
101,block3_trial21_attendright_leadtarget.wav
102,block3_trial22_attendright_leadmasker.wav
103,block3_trial23_attendright_leadtarget.wav
104,block3_trial24_attendleft_leadmasker.wav
105,block3_trial25_attendright_leadmasker.wav
106,block3_trial26_attendright_leadtarget.wav
107,block3_trial27_attendleft_leadtarget.wav
108,block3_trial28_attendleft_leadmasker.wav
109,block3_trial29_attendleft_leadtarget.wav
110,block3_trial30_attendright_leadtarget.wav
111,block3_trial31_attendleft_leadmasker.wav
112,block3_trial32_attendleft_leadtarget.wav
113,block3_trial33_attendleft_leadtarget.wav
114,block3_trial34_attendright_leadtarget.wav
115,block3_trial35_attendleft_leadmasker.wav
116,block3_trial36_attendleft_leadmasker.wav
117,block3_trial37_attendright_leadtarget.wav
118,block3_trial38_attendleft_leadtarget.wav
119,block3_trial39_attendleft_leadmasker.wav
120,block3_trial40_attendleft_leadmasker.wav
121,block4_trial1_attendright_leadmasker.wav
122,block4_trial2_attendleft_leadmasker.wav
123,block4_trial3_attendright_leadtarget.wav
124,block4_trial4_attendright_leadmasker.wav
125,block4_trial5_attendright_leadmasker.wav
126,block4_trial6_attendleft_leadmasker.wav
127,block4_trial7_attendleft_leadtarget.wav
128,block4_trial8_attendright_leadtarget.wav
129,block4_trial9_attendright_leadmasker.wav
130,block4_trial10_attendright_leadtarget.wav
131,block4_trial11_attendright_leadmasker.wav
132,block4_trial12_attendleft_leadmasker.wav
133,block4_trial13_attendleft_leadmasker.wav
134,block4_trial14_attendleft_leadmasker.wav
135,block4_trial15_attendleft_leadtarget.wav
136,block4_trial16_attendright_leadtarget.wav
137,block4_trial17_attendleft_leadmasker.wav
138,block4_trial18_attendright_leadmasker.wav
139,block4_trial19_attendright_leadtarget.wav
140,block4_trial20_attendleft_leadtarget.wav
141,block4_trial21_attendleft_leadtarget.wav
142,block4_trial22_attendright_leadtarget.wav
143,block4_trial23_attendleft_leadmasker.wav
144,block4_trial24_attendright_leadmasker.wav
145,block4_trial25_attendleft_leadtarget.wav
146,block4_trial26_attendright_leadtarget.wav
147,block4_trial27_attendright_leadmasker.wav
148,block4_trial28_attendleft_leadtarget.wav
149,block4_trial29_attendright_leadmasker.wav
150,block4_trial30_attendright_leadtarget.wav
151,block4_trial31_attendleft_leadtarget.wav
152,block4_trial32_attendright_leadtarget.wav
153,block4_trial33_attendright_leadmasker.wav
154,block4_trial34_attendleft_leadtarget.wav
155,block4_trial35_attendleft_leadmasker.wav
156,block4_trial36_attendright_leadtarget.wav
157,block4_trial37_attendleft_leadtarget.wav
158,block4_trial38_attendleft_leadmasker.wav
159,block4_trial39_attendleft_leadmasker.wav
160,block4_trial40_attendleft_leadtarget.wav
161,block5_trial1_attendleft_leadtarget.wav
162,block5_trial2_attendleft_leadmasker.wav
163,block5_trial3_attendleft_leadtarget.wav
164,block5_trial4_attendleft_leadtarget.wav
165,block5_trial5_attendleft_leadmasker.wav
166,block5_trial6_attendleft_leadtarget.wav
167,block5_trial7_attendright_leadmasker.wav
168,block5_trial8_attendright_leadtarget.wav
169,block5_trial9_attendleft_leadmasker.wav
170,block5_trial10_attendleft_leadtarget.wav
171,block5_trial11_attendleft_leadtarget.wav
172,block5_trial12_attendleft_leadmasker.wav
173,block5_trial13_attendleft_leadmasker.wav
174,block5_trial14_attendleft_leadmasker.wav
175,block5_trial15_attendright_leadmasker.wav
176,block5_trial16_attendright_leadtarget.wav
177,block5_trial17_attendleft_leadmasker.wav
178,block5_trial18_attendright_leadmasker.wav
179,block5_trial19_attendright_leadtarget.wav
180,block5_trial20_attendright_leadtarget.wav
181,block5_trial21_attendleft_leadtarget.wav
182,block5_trial22_attendright_leadtarget.wav
183,block5_trial23_attendleft_leadmasker.wav
184,block5_trial24_attendleft_leadtarget.wav
185,block5_trial25_attendright_leadmasker.wav
186,block5_trial26_attendleft_leadmasker.wav
187,block5_trial27_attendright_leadmasker.wav
188,block5_trial28_attendright_leadmasker.wav
189,block5_trial29_attendright_leadmasker.wav
190,block5_trial30_attendright_leadmasker.wav
191,block5_trial31_attendleft_leadtarget.wav
192,block5_trial32_attendright_leadtarget.wav
193,block5_trial33_attendright_leadmasker.wav
194,block5_trial34_attendright_leadtarget.wav
195,block5_trial35_attendleft_leadtarget.wav
196,block5_trial36_attendleft_leadmasker.wav
197,block5_trial37_attendright_leadtarget.wav
198,block5_trial38_attendright_leadtarget.wav
199,block5_trial39_attendright_leadmasker.wav
200,block5_trial40_attendright_leadtarget.wav
201,block6_trial1_attendright_leadmasker.wav
202,block6_trial2_attendright_leadmasker.wav
203,block6_trial3_attendright_leadmasker.wav
204,block6_trial4_attendright_leadmasker.wav
205,block6_trial5_attendleft_leadmasker.wav
206,block6_trial6_attendleft_leadtarget.wav
207,block6_trial7_attendright_leadmasker.wav
208,block6_trial8_attendleft_leadmasker.wav
209,block6_trial9_attendright_leadtarget.wav
210,block6_trial10_attendright_leadtarget.wav
211,block6_trial11_attendright_leadmasker.wav
212,block6_trial12_attendleft_leadmasker.wav
213,block6_trial13_attendleft_leadtarget.wav
214,block6_trial14_attendright_leadtarget.wav
215,block6_trial15_attendleft_leadtarget.wav
216,block6_trial16_attendright_leadtarget.wav
217,block6_trial17_attendright_leadmasker.wav
218,block6_trial18_attendleft_leadtarget.wav
219,block6_trial19_attendleft_leadmasker.wav
220,block6_trial20_attendleft_leadtarget.wav
221,block6_trial21_attendleft_leadmasker.wav
222,block6_trial22_attendleft_leadmasker.wav
223,block6_trial23_attendright_leadmasker.wav
224,block6_trial24_attendleft_leadtarget.wav
225,block6_trial25_attendleft_leadtarget.wav
226,block6_trial26_attendright_leadtarget.wav
227,block6_trial27_attendleft_leadmasker.wav
228,block6_trial28_attendleft_leadtarget.wav
229,block6_trial29_attendright_leadtarget.wav
230,block6_trial30_attendleft_leadmasker.wav
231,block6_trial31_attendleft_leadmasker.wav
232,block6_trial32_attendright_leadtarget.wav
233,block6_trial33_attendright_leadtarget.wav
234,block6_trial34_attendright_leadtarget.wav
235,block6_trial35_attendleft_leadtarget.wav
236,block6_trial36_attendright_leadmasker.wav
237,block6_trial37_attendleft_leadmasker.wav
238,block6_trial38_attendright_leadmasker.wav
239,block6_trial39_attendright_leadtarget.wav
240,block6_trial40_attendleft_leadtarget.wav
241,block7_trial1_attendright_leadtarget.wav
242,block7_trial2_attendleft_leadmasker.wav
243,block7_trial3_attendleft_leadtarget.wav
244,block7_trial4_attendleft_leadtarget.wav
245,block7_trial5_attendright_leadmasker.wav
246,block7_trial6_attendright_leadmasker.wav
247,block7_trial7_attendright_leadmasker.wav
248,block7_trial8_attendright_leadtarget.wav
249,block7_trial9_attendright_leadmasker.wav
250,block7_trial10_attendleft_leadmasker.wav
251,block7_trial11_attendleft_leadtarget.wav
252,block7_trial12_attendright_leadtarget.wav
253,block7_trial13_attendleft_leadmasker.wav
254,block7_trial14_attendleft_leadmasker.wav
255,block7_trial15_attendleft_leadtarget.wav
256,block7_trial16_attendright_leadmasker.wav
257,block7_trial17_attendright_leadtarget.wav
258,block7_trial18_attendright_leadtarget.wav
259,block7_trial19_attendleft_leadtarget.wav
260,block7_trial20_attendright_leadmasker.wav
261,block7_trial21_attendleft_leadmasker.wav
262,block7_trial22_attendleft_leadtarget.wav
263,block7_trial23_attendright_leadmasker.wav
264,block7_trial24_attendright_leadtarget.wav
265,block7_trial25_attendright_leadtarget.wav
266,block7_trial26_attendleft_leadmasker.wav
267,block7_trial27_attendright_leadmasker.wav
268,block7_trial28_attendright_leadmasker.wav
269,block7_trial29_attendleft_leadmasker.wav
270,block7_trial30_attendleft_leadtarget.wav
271,block7_trial31_attendleft_leadtarget.wav
272,block7_trial32_attendright_leadmasker.wav
273,block7_trial33_attendright_leadtarget.wav
274,block7_trial34_attendleft_leadtarget.wav
275,block7_trial35_attendright_leadtarget.wav
276,block7_trial36_attendleft_leadmasker.wav
277,block7_trial37_attendleft_leadtarget.wav
278,block7_trial38_attendleft_leadmasker.wav
279,block7_trial39_attendright_leadtarget.wav
280,block7_trial40_attendleft_leadmasker.wav
281,block8_trial1_attendleft_leadmasker.wav
282,block8_trial2_attendright_leadmasker.wav
283,block8_trial3_attendleft_leadtarget.wav
284,block8_trial4_attendleft_leadmasker.wav
285,block8_trial5_attendright_leadmasker.wav
286,block8_trial6_attendleft_leadmasker.wav
287,block8_trial7_attendleft_leadmasker.wav
288,block8_trial8_attendleft_leadtarget.wav
289,block8_trial9_attendleft_leadmasker.wav
290,block8_trial10_attendright_leadtarget.wav
291,block8_trial11_attendright_leadtarget.wav
292,block8_trial12_attendright_leadtarget.wav
293,block8_trial13_attendright_leadmasker.wav
294,block8_trial14_attendleft_leadmasker.wav
295,block8_trial15_attendright_leadmasker.wav
296,block8_trial16_attendleft_leadtarget.wav
297,block8_trial17_attendleft_leadtarget.wav
298,block8_trial18_attendleft_leadmasker.wav
299,block8_trial19_attendright_leadtarget.wav
300,block8_trial20_attendright_leadtarget.wav
301,block8_trial21_attendright_leadtarget.wav
302,block8_trial22_attendleft_leadtarget.wav
303,block8_trial23_attendright_leadmasker.wav
304,block8_trial24_attendright_leadmasker.wav
305,block8_trial25_attendright_leadmasker.wav
306,block8_trial26_attendleft_leadmasker.wav
307,block8_trial27_attendright_leadtarget.wav
308,block8_trial28_attendleft_leadtarget.wav
309,block8_trial29_attendleft_leadtarget.wav
310,block8_trial30_attendright_leadmasker.wav
311,block8_trial31_attendright_leadmasker.wav
312,block8_trial32_attendright_leadmasker.wav
313,block8_trial33_attendright_leadtarget.wav
314,block8_trial34_attendleft_leadtarget.wav
315,block8_trial35_attendright_leadtarget.wav
316,block8_trial36_attendleft_leadmasker.wav
317,block8_trial37_attendright_leadtarget.wav
318,block8_trial38_attendleft_leadtarget.wav
319,block8_trial39_attendleft_leadmasker.wav
320,block8_trial40_attendleft_leadtarget.wav
321,block9_trial1_attendright_leadmasker.wav
322,block9_trial2_attendright_leadmasker.wav
323,block9_trial3_attendright_leadtarget.wav
324,block9_trial4_attendleft_leadmasker.wav
325,block9_trial5_attendright_leadtarget.wav
326,block9_trial6_attendleft_leadtarget.wav
327,block9_trial7_attendleft_leadtarget.wav
328,block9_trial8_attendright_leadtarget.wav
329,block9_trial9_attendleft_leadmasker.wav
330,block9_trial10_attendleft_leadtarget.wav
331,block9_trial11_attendleft_leadtarget.wav
332,block9_trial12_attendleft_leadtarget.wav
333,block9_trial13_attendright_leadtarget.wav
334,block9_trial14_attendright_leadtarget.wav
335,block9_trial15_attendright_leadtarget.wav
336,block9_trial16_attendright_leadmasker.wav
337,block9_trial17_attendright_leadtarget.wav
338,block9_trial18_attendleft_leadmasker.wav
339,block9_trial19_attendright_leadmasker.wav
340,block9_trial20_attendright_leadmasker.wav
341,block9_trial21_attendleft_leadmasker.wav
342,block9_trial22_attendright_leadmasker.wav
343,block9_trial23_attendleft_leadmasker.wav
344,block9_trial24_attendright_leadmasker.wav
345,block9_trial25_attendleft_leadmasker.wav
346,block9_trial26_attendleft_leadtarget.wav
347,block9_trial27_attendleft_leadtarget.wav
348,block9_trial28_attendright_leadmasker.wav
349,block9_trial29_attendleft_leadmasker.wav
350,block9_trial30_attendleft_leadtarget.wav
351,block9_trial31_attendleft_leadmasker.wav
352,block9_trial32_attendright_leadmasker.wav
353,block9_trial33_attendleft_leadmasker.wav
354,block9_trial34_attendright_leadmasker.wav
355,block9_trial35_attendleft_leadtarget.wav
356,block9_trial36_attendleft_leadtarget.wav
357,block9_trial37_attendright_leadtarget.wav
358,block9_trial38_attendleft_leadmasker.wav
359,block9_trial39_attendright_leadtarget.wav
360,block9_trial40_attendright_leadtarget.wav
361,block10_trial1_attendright_leadtarget.wav
362,block10_trial2_attendleft_leadmasker.wav
363,block10_trial3_attendright_leadtarget.wav
364,block10_trial4_attendleft_leadtarget.wav
365,block10_trial5_attendright_leadmasker.wav
366,block10_trial6_attendright_leadtarget.wav
367,block10_trial7_attendright_leadmasker.wav
368,block10_trial8_attendleft_leadmasker.wav
369,block10_trial9_attendleft_leadtarget.wav
370,block10_trial10_attendleft_leadtarget.wav
371,block10_trial11_attendleft_leadtarget.wav
372,block10_trial12_attendleft_leadtarget.wav
373,block10_trial13_attendright_leadmasker.wav
374,block10_trial14_attendright_leadtarget.wav
375,block10_trial15_attendleft_leadmasker.wav
376,block10_trial16_attendleft_leadmasker.wav
377,block10_trial17_attendright_leadtarget.wav
378,block10_trial18_attendright_leadtarget.wav
379,block10_trial19_attendleft_leadmasker.wav
380,block10_trial20_attendleft_leadmasker.wav
381,block10_trial21_attendright_leadtarget.wav
382,block10_trial22_attendright_leadtarget.wav
383,block10_trial23_attendleft_leadtarget.wav
384,block10_trial24_attendleft_leadmasker.wav
385,block10_trial25_attendleft_leadmasker.wav
386,block10_trial26_attendright_leadmasker.wav
387,block10_trial27_attendleft_leadtarget.wav
388,block10_trial28_attendright_leadmasker.wav
389,block10_trial29_attendright_leadtarget.wav
390,block10_trial30_attendleft_leadtarget.wav
391,block10_trial31_attendleft_leadtarget.wav
392,block10_trial32_attendright_leadtarget.wav
393,block10_trial33_attendright_leadmasker.wav
394,block10_trial34_attendright_leadmasker.wav
395,block10_trial35_attendleft_leadmasker.wav
396,block10_trial36_attendright_leadmasker.wav
397,block10_trial37_attendleft_leadtarget.wav
398,block10_trial38_attendright_leadmasker.wav
399,block10_trial39_attendleft_leadmasker.wav
400,block10_trial40_attendright_leadmasker.wav
